{
  "par": {
    "W": 1132.7346804630497,
    "eta": 4.9620539060282631,
    "xi": 1.4113669432179321,
    "sigma": -0.34416806872815769,
    "a0": 5.3573836998192235,
    "a1": 5.0970578359290277,
    "a2": 2.0888347757875496,
    "b0": 0.727640341430816,
    "b1": 0.57918682906789,
    "b2": 0.22984570886844435,
    "epsilon": 1
  },
  "units": [
    "cm/s",
    " ",
    " ",
    " ",
    " ",
    " ",
    " ",
    " ",
    " ",
    " ",
    " "
  ],
  "metrics": {
    "R2": 0.9643187711233161,
    "MAPE": 9.118113953779865,
    "RMSE": 21.38183730240516
  },
  "metrics_units": [
    "[-]",
    "[%]",
    "[cm/s]"
  ]
}