{
  "par": {
    "B": 7.2004899337385879E+12,
    "E": 45266.495311385552,
    "F": 1185.9561214092262,
    "K": -0.13573415722521023,
    "n": 1.6333529248099761,
    "m": 0.58995744178698639,
    "q": 0.54160424729733536,
    "t": 1.7000000000001609,
    "r": 1,
    "alpha": 0,
    "beta": 0,
    "delta": 1098.6,
    "epsilon": 0,
    "Gamma": 1,
    "G": -6144.2095916298485
  },
  "units": [
    "bar",
    "K",
    "cm/s",
    " ",
    " ",
    " ",
    " ",
    " ",
    " ",
    " ",
    "bar^-2",
    "K",
    " ",
    " ",
    "K"
  ],
  "metrics": {
    "R2": 0.95361660720052344,
    "MAPE": 25.20714792543529,
    "RMSE": 78.35921870997359
  },
  "metrics_units": [
    "[-]",
    "[%]",
    "[cm/s]"
  ],
  "aux": {
    "par": {
      "a": 0.84277115276450276,
      "b": 0.46560331301496144,
      "c": 2.1219031269968234,
      "d": -1.0166985583682606,
      "e": 0.1361052650861051,
      "f": -1.0997123922883212,
      "g": 0,
      "h": 0,
      "i": 0
    },
    "metrics": {
      "R2": 0.91986728190992284,
      "MAPE": 3.816223182538244,
      "RMSE": 96.036667519711855
    },
    "metrics_units": [
      "",
      "K",
      "K",
      "K",
      "K",
      "K",
      "K",
      "K",
      "K"
    ]
  }
}