{
  "par": {
    "B": 7.2004899337385879E+12,
    "E": 34522.062465360592,
    "F": 1.1179132350473207,
    "K": -0.28532213799947109,
    "n": 2.8028873842794249,
    "m": 0.50014801492794192,
    "q": 1.7282440542375093,
    "t": 1.0999999999999364,
    "r": 1,
    "alpha": 0,
    "beta": 0,
    "delta": 1098.1,
    "epsilon": 0,
    "Gamma": 1,
    "G": -9849.9086707679744
  },
  "units": [
    "bar",
    "K",
    "cm/s",
    " ",
    " ",
    " ",
    " ",
    " ",
    " ",
    " ",
    "bar^-2",
    "K",
    " ",
    " ",
    "K"
  ],
  "metrics": {
    "R2": 0.98362511199653835,
    "MAPE": 7.727190131452125,
    "RMSE": 5.6274498676612525
  },
  "metrics_units": [
    "[-]",
    "[%]",
    "[cm/s]"
  ],
  "aux": {
    "par": {
      "a": 0.78465626834522229,
      "b": -1.99311349552543,
      "c": 8.9548969691761471,
      "d": -6.7595086834617293,
      "e": 1.5863157476110561,
      "f": -1.3768663751358174,
      "g": 0,
      "h": 0,
      "i": 0
    },
    "metrics": {
      "R2": 0.99013147313955352,
      "MAPE": 1.0124162097404974,
      "RMSE": 26.523906660789031
    },
    "metrics_units": [
      "",
      "K",
      "K",
      "K",
      "K",
      "K",
      "K",
      "K",
      "K"
    ]
  }
}