{
  "par": {
    "s1": -16.224325898739632,
    "s2": -57.754998669957985,
    "s3": 240.94547360431093,
    "s4": -61.747983483119015,
    "s5": -125.46790641507752,
    "s6": 54.859362436185535,
    "a11": 0.00040050000000000003,
    "a12": 0.0017050000000000001,
    "a13": 0.00022170000000000002,
    "a14": 5.489,
    "a15": -0.05066,
    "a16": 0.01666,
    "a21": 13.293842014280097,
    "a22": 7.4692510791057289,
    "a23": 4.5254503647192736,
    "a24": 29157.974653162582,
    "a25": -2.6927933677962179,
    "a26": -1.0410101381913124,
    "b11": -0.3860830953444932,
    "b12": 1.6767611524418291,
    "b13": 4.7027482056920249E-5,
    "b14": -2.5513147981819078,
    "b15": -0.00053796063392713808,
    "b16": 1.4231511540471804,
    "b17": 0.00086943948821455923,
    "b18": -0.22737450536386142,
    "b19": -0.00036919579883099279,
    "b21": -3.2056011656208927,
    "b22": 5.1067125785845642,
    "b23": 0.0022270774750138608,
    "b24": -0.90481691769497574,
    "b25": -0.0035019647121596015,
    "b26": -2.12841613635318,
    "b27": 0.0016422402583315464,
    "b28": 0.78173963458524476,
    "b29": -3.5987209143938258E-5,
    "fegr1": 1
  },
  "units": [
    "cm/s",
    "cm/s",
    "cm/s",
    "cm/s",
    "cm/s",
    "cm/s",
    " ",
    " ",
    " ",
    " ",
    " ",
    " ",
    " ",
    " ",
    " ",
    " ",
    " ",
    " ",
    " ",
    " ",
    "1/K",
    " ",
    "1/K",
    " ",
    "1/K",
    " ",
    "1/K",
    " ",
    " ",
    "1/K",
    " ",
    "1/K",
    " ",
    "1/K",
    " ",
    "1/K",
    " "
  ],
  "metrics": {
    "R2": 0.99759649605704348,
    "MAPE": 2.5996050314066514,
    "RMSE": 1.7386744430296204
  },
  "metrics_units": [
    "[-]",
    "[%]",
    "[cm/s]"
  ]
}