{
  "par": {
    "W": 188.19213368548066,
    "eta": 5.9126301212610937,
    "xi": 4.0726566312141079,
    "sigma": 0.3248636451880258,
    "a0": 6.6210160311031414,
    "a1": 8.0639831803645823,
    "a2": 3.7752047995040789,
    "b0": 0.61304186853043874,
    "b1": 0.40214830433097665,
    "b2": 0.16983451486870774,
    "epsilon": 1
  },
  "units": [
    "cm/s",
    " ",
    " ",
    " ",
    " ",
    " ",
    " ",
    " ",
    " ",
    " ",
    " "
  ],
  "metrics": {
    "R2": 0.96712917308228008,
    "MAPE": 9.3087095993954154,
    "RMSE": 6.4298548003958782
  },
  "metrics_units": [
    "[-]",
    "[%]",
    "[cm/s]"
  ]
}