{
  "par": {
    "s1": -26.225879102596654,
    "s2": -25.653739691917984,
    "s3": 316.02711478647228,
    "s4": -127.36883277086744,
    "s5": -71.888317737239944,
    "s6": 31.890600758165853,
    "a11": 0.00040050000000000003,
    "a12": 0.0017050000000000001,
    "a13": 0.00022170000000000002,
    "a14": 5.489,
    "a15": -0.05066,
    "a16": 0.01666,
    "a21": 1.8611682062857451,
    "a22": 254.74783713188663,
    "a23": 6.0341650044286037E+6,
    "a24": 1.7804119722839493,
    "a25": 0.17174226326842709,
    "a26": 0.38429742196381239,
    "b11": -0.29118889012474786,
    "b12": 0.89826039735349872,
    "b13": -7.8909178571281825E-5,
    "b14": -1.1679943443178895,
    "b15": 1.2617249470285903E-5,
    "b16": 0.579436486295054,
    "b17": 0.00017472447388889713,
    "b18": -0.082779756641947991,
    "b19": -0.00010763617443620949,
    "b21": -2.2714089586785007,
    "b22": 3.8354906780389442,
    "b23": 0.0024515231113812607,
    "b24": -1.6870326273146892,
    "b25": -0.0044662436448158396,
    "b26": -0.35814092268322173,
    "b27": 0.0026988276279149405,
    "b28": 0.19068232454387518,
    "b29": -0.00037711021569615641,
    "fegr1": 1
  },
  "units": [
    "cm/s",
    "cm/s",
    "cm/s",
    "cm/s",
    "cm/s",
    "cm/s",
    " ",
    " ",
    " ",
    " ",
    " ",
    " ",
    " ",
    " ",
    " ",
    " ",
    " ",
    " ",
    " ",
    " ",
    "1/K",
    " ",
    "1/K",
    " ",
    "1/K",
    " ",
    "1/K",
    " ",
    " ",
    "1/K",
    " ",
    "1/K",
    " ",
    "1/K",
    " ",
    "1/K",
    " "
  ],
  "metrics": {
    "R2": 0.997642895302931,
    "MAPE": 2.4682285793452405,
    "RMSE": 5.4955929235251268
  },
  "metrics_units": [
    "[-]",
    "[%]",
    "[cm/s]"
  ]
}