{
  "par": {
    "s1": 34.664775570686842,
    "s2": -241.60985410352774,
    "s3": 438.7352491818325,
    "s4": -33.986520868627558,
    "s5": -240.028196703502,
    "s6": 91.18987887086999,
    "a11": 0.00040050000000000003,
    "a12": 0.0017050000000000001,
    "a13": 0.00022170000000000002,
    "a14": 5.489,
    "a15": -0.05066,
    "a16": 0.01666,
    "a21": 73.1335855732898,
    "a22": -1.9480953867400714,
    "a23": 1.3046259563539579,
    "a24": 14.244317136561238,
    "a25": 5.313279720518417,
    "a26": 2.805372340367136,
    "b11": -0.47071154294216661,
    "b12": 1.3193973061016813,
    "b13": 0.00033927014880419631,
    "b14": -1.1618822412874135,
    "b15": -0.0012450328691839152,
    "b16": 0.12651530540033296,
    "b17": 0.001358227629780557,
    "b18": 0.13475428620127289,
    "b19": -0.00046040471912059649,
    "b21": -1.6907797859726579,
    "b22": 1.9060590839322795,
    "b23": 0.0015521320458376066,
    "b24": 0.092129340102113891,
    "b25": -0.0021870283344682688,
    "b26": -0.845082133145684,
    "b27": 0.0011190885205629511,
    "b28": 0.15478407978578312,
    "b29": -9.7420118458852847E-5,
    "fegr1": 1
  },
  "units": [
    "cm/s",
    "cm/s",
    "cm/s",
    "cm/s",
    "cm/s",
    "cm/s",
    " ",
    " ",
    " ",
    " ",
    " ",
    " ",
    " ",
    " ",
    " ",
    " ",
    " ",
    " ",
    " ",
    " ",
    "1/K",
    " ",
    "1/K",
    " ",
    "1/K",
    " ",
    "1/K",
    " ",
    " ",
    "1/K",
    " ",
    "1/K",
    " ",
    "1/K",
    " ",
    "1/K",
    " "
  ],
  "metrics": {
    "R2": 0.99830399069416,
    "MAPE": 1.9473325272194246,
    "RMSE": 2.0245418133413979
  },
  "metrics_units": [
    "[-]",
    "[%]",
    "[cm/s]"
  ]
}