{
  "par": {
    "s1": 25.537093082516233,
    "s2": -269.889675983935,
    "s3": 817.75246773166475,
    "s4": -500.59371945070075,
    "s5": 116.14064460836927,
    "s6": -9.33526866639271,
    "a11": 0.00040050000000000003,
    "a12": 0.0017050000000000001,
    "a13": 0.00022170000000000002,
    "a14": 5.489,
    "a15": -0.05066,
    "a16": 0.01666,
    "a21": 1.8586766418857297,
    "a22": 3.60144412246177,
    "a23": 2.4472213463956676,
    "a24": 43.220466137457883,
    "a25": -3.3764629149638217,
    "a26": 2.3066613360985211,
    "b11": -0.17042647408992573,
    "b12": 0.030830868118269562,
    "b13": 0.00010860501430674366,
    "b14": 0.090183484023252533,
    "b15": -0.00017685734974995211,
    "b16": -0.049424764424171111,
    "b17": 6.36134855687366E-5,
    "b18": 0.0065805914496765974,
    "b19": -6.6505350446984868E-6,
    "b21": -1.0553839102985483,
    "b22": 2.2621085622616284,
    "b23": 0.00028215708495824579,
    "b24": -1.7771415103050692,
    "b25": 0.00019133750635786707,
    "b26": 0.54567731168215161,
    "b27": -4.7847134596839985E-5,
    "b28": -0.057378016994575572,
    "b29": 2.9438999590847438E-6,
    "fegr1": 1
  },
  "units": [
    "cm/s",
    "cm/s",
    "cm/s",
    "cm/s",
    "cm/s",
    "cm/s",
    " ",
    " ",
    " ",
    " ",
    " ",
    " ",
    " ",
    " ",
    " ",
    " ",
    " ",
    " ",
    " ",
    " ",
    "1/K",
    " ",
    "1/K",
    " ",
    "1/K",
    " ",
    "1/K",
    " ",
    " ",
    "1/K",
    " ",
    "1/K",
    " ",
    "1/K",
    " ",
    "1/K",
    " "
  ],
  "metrics": {
    "R2": 0.9981636728262675,
    "MAPE": 4.6107186140469194,
    "RMSE": 18.663565771079156
  },
  "metrics_units": [
    "[-]",
    "[%]",
    "[cm/s]"
  ]
}