{
  "par": {
    "W": 81.181525252682974,
    "eta": 3.9478138144927737,
    "xi": 3.9299087663926073,
    "sigma": 0.58577159193535455,
    "a0": 6.3527573962862682,
    "a1": 7.515686948356211,
    "a2": 3.4722705078445437,
    "b0": 0.74977777891694453,
    "b1": 0.68180210582683232,
    "b2": 0.30818008247673906,
    "epsilon": 1
  },
  "units": [
    "cm/s",
    " ",
    " ",
    " ",
    " ",
    " ",
    " ",
    " ",
    " ",
    " ",
    " "
  ],
  "metrics": {
    "R2": 0.9671518579452415,
    "MAPE": 8.471322904943321,
    "RMSE": 8.9098017435792638
  },
  "metrics_units": [
    "[-]",
    "[%]",
    "[cm/s]"
  ]
}