{
  "par": {
    "W": 3.66478338990913E+10,
    "eta": 3.62125712730849,
    "xi": 0.040523527371099925,
    "sigma": -20.848901826647911,
    "a0": 4.5087786722159668,
    "a1": 2.380200512894576,
    "a2": 0.53435160461239339,
    "b0": 0.6102536215195975,
    "b1": 0.38894447816998617,
    "b2": 0.084120604831765408,
    "epsilon": 1
  },
  "units": [
    "cm/s",
    " ",
    " ",
    " ",
    " ",
    " ",
    " ",
    " ",
    " ",
    " ",
    " "
  ],
  "metrics": {
    "R2": 0.96135259913662774,
    "MAPE": 16.179837098208395,
    "RMSE": 85.620889831905941
  },
  "metrics_units": [
    "[-]",
    "[%]",
    "[cm/s]"
  ]
}