{
  "par": {
    "B": 7.2004899337385879E+12,
    "E": 34770.397622091317,
    "F": 0.82247984949576458,
    "K": -0.28197234865189713,
    "n": 2.7905897436762634,
    "m": 0.47239649867806927,
    "q": 1.7834133312346627,
    "t": 1.0749999999999298,
    "r": 1,
    "alpha": 0,
    "beta": 0,
    "delta": 1098.6,
    "epsilon": 0,
    "Gamma": 1,
    "G": -9804.2906810614277
  },
  "units": [
    "bar",
    "K",
    "cm/s",
    " ",
    " ",
    " ",
    " ",
    " ",
    " ",
    " ",
    "bar^-2",
    "K",
    " ",
    " ",
    "K"
  ],
  "metrics": {
    "R2": 0.98582998679843692,
    "MAPE": 7.57581022938925,
    "RMSE": 3.7695523521079153
  },
  "metrics_units": [
    "[-]",
    "[%]",
    "[cm/s]"
  ],
  "aux": {
    "par": {
      "a": 0.7810888149720111,
      "b": -2.1268737276112488,
      "c": 9.2926113563891928,
      "d": -7.07157025668572,
      "e": 1.6682642309460718,
      "f": -1.3579531876563515,
      "g": 0,
      "h": 0,
      "i": 0
    },
    "metrics": {
      "R2": 0.98936745397891224,
      "MAPE": 1.0741268155294204,
      "RMSE": 27.609441275015779
    },
    "metrics_units": [
      "",
      "K",
      "K",
      "K",
      "K",
      "K",
      "K",
      "K",
      "K"
    ]
  }
}