{
  "par": {
    "B": 7.2004899337385879E+12,
    "E": 35311.828137614822,
    "F": 5.0349335552655772,
    "K": -0.283431450869613,
    "n": 2.7752066562487032,
    "m": 0.66457865612176426,
    "q": 1.4852987039038401,
    "t": 1.1999999999998987,
    "r": 1,
    "alpha": 0,
    "beta": 0,
    "delta": 1098.6,
    "epsilon": 0,
    "Gamma": 1,
    "G": -10008.482681902593
  },
  "units": [
    "bar",
    "K",
    "cm/s",
    " ",
    " ",
    " ",
    " ",
    " ",
    " ",
    " ",
    "bar^-2",
    "K",
    " ",
    " ",
    "K"
  ],
  "metrics": {
    "R2": 0.97429749730363191,
    "MAPE": 9.7524473299410328,
    "RMSE": 15.865128212111552
  },
  "metrics_units": [
    "[-]",
    "[%]",
    "[cm/s]"
  ],
  "aux": {
    "par": {
      "a": 0.79609769101049577,
      "b": -0.97399364955736945,
      "c": 6.26091826460169,
      "d": -4.4224848302985125,
      "e": 0.95963681614904039,
      "f": -1.3572669762807528,
      "g": 0,
      "h": 0,
      "i": 0
    },
    "metrics": {
      "R2": 0.98706743808588848,
      "MAPE": 1.207538124029399,
      "RMSE": 31.553351115672559
    },
    "metrics_units": [
      "",
      "K",
      "K",
      "K",
      "K",
      "K",
      "K",
      "K",
      "K"
    ]
  }
}